{
  "project_info": {
    "project_number": "1041000020835",
    "project_id": "bookcave-173db",
    "storage_bucket": "bookcave-173db.appspot.com"
  },
  "client": [
    {
      "client_info": {
        "mobilesdk_app_id": "1:1041000020835:android:c2556d04c76255e93db156",
        "android_client_info": {
          "package_name": "com.example.bookcave"
        }
      },
      "oauth_client": [
        {
          "client_id": "1041000020835-u2qqqkfibgoe1hm2dm668g0sfq13sc5k.apps.googleusercontent.com",
          "client_type": 1,
          "android_info": {
            "package_name": "com.example.bookcave",
            "certificate_hash": "813c96ea3593b72c4b76446b97c32671343a0822"
          }
        },
        {
          "client_id": "1041000020835-qlap9b612eakin00n1vkin6kg20m8k6m.apps.googleusercontent.com",
          "client_type": 3
        }
      ],
      "api_key": [
        {
          "current_key": "AIzaSyDJUPvya8V_Xb5exHjjVUi00jIqKjqvFQY"
        }
      ],
      "services": {
        "appinvite_service": {
          "other_platform_oauth_client": [
            {
              "client_id": "1041000020835-qlap9b612eakin00n1vkin6kg20m8k6m.apps.googleusercontent.com",
              "client_type": 3
            }
          ]
        }
      }
    }
  ],
  "configuration_version": "1"
}